{"cameraMode":{"drawMode":0,"name":"Shaded","section":"Shading Mode"},"sceneLighting":true,"audioPlay":false,"sceneViewState":{"m_AlwaysRefresh":false,"showFog":true,"showSkybox":true,"showFlares":true,"showImageEffects":true,"showParticleSystems":true,"showVisualEffectGraphs":true,"m_FxEnabled":true},"in2DMode":false,"pivot":{"x":0.4133591055870056,"y":0.9973044395446777,"z":1.075872540473938},"rotation":{"x":-0.21123260259628297,"y":-0.03842686489224434,"z":0.008307915180921555,"w":-0.9766616821289063},"size":1.4561318159103394,"orthographic":false}